{"cameraMode":{"drawMode":0,"name":"Shaded","section":"Shading Mode"},"sceneLighting":true,"audioPlay":false,"sceneViewState":{"m_AlwaysRefresh":false,"showFog":true,"showSkybox":true,"showFlares":true,"showImageEffects":true,"showParticleSystems":true,"showVisualEffectGraphs":true,"m_FxEnabled":true},"in2DMode":false,"pivot":{"x":-5.969497203826904,"y":0.38999998569488528,"z":-140.38999938964845},"rotation":{"x":0.039075665175914767,"y":-0.7125387787818909,"z":0.03980712592601776,"w":0.6994180083274841},"size":14.022214889526368,"orthographic":true}